first_name,last_name,zip,phone
Karoly,Paprotny,309288,49582890
Vincent,Allsepp,,580-858-5723
,Patzelt,,837-440-8603
Cinderella,Mennear,18636-2822,6187558030
Eydie,Fairhall,986430909,5295776056
Wyatt,McCory,,7748077956
Bibbye,Dalliwater,92509 CEDEX,4558416295
Aldo,Marquet,30110,8448182359
Winny,Collumbell,901095,3548620999
,,,
Bunny,Brimilcombe,,3171533651
Bebe,Caswill,21-542,2367454541
Francesco,Buyers,,6108538683
,,,
,,,
Jammal,Bartosch,4580-389,6205316
Monroe,Wharf,205017868,3148948800
Arthur,Gilvear,,8865678057
Johnna,Southwick,7400,
Hans,Dyne,,6349453639
Gusella,Milnthorpe,,7068502704
Cherianne,Payley,5032,208-118-0629
,Boar,,8795432153
Maxie,Thulborn,69928-000,4591966645
Tybi,Cornilli,197730,409-167-6365
Ninette,Balcers,,7534510677
Torrie,Asey,89155,702-964-56
Candice,Venediktov,A91,79651599
Sophia,Picot,,9787974590
Vidovic,Horwell,384 72,
Kay,Vigors,273 71,1795014974
Dyana,Bradie,,2404039961
Stace,Labat,29872-2222,2044509784
,Cicculi,,651-355-9400
Nola,Duding,90-557,9761705573
Juana,Wittleton,,94054006
Sigfrid,Hegley,4210,1013501690
Antone,Coltherd,684058,7484337730
Wileen,Harford,,119-204-5478
Pierce,Philps,,7571981594
Lanette,Cordy,,3773530284
,,5101,
Florina,Wallwood,4635-207,2337567053
Brietta,Pheby,446587,7607996454
Juline,,,8905101349
Devlin,Jasiak,86-120,733-536-1328
Norbie,Guyon,,4133464718
Rycca,Kielty,34282,9411057151
Skipper,Brindle,,7978028423
Abie,Elham,31709 CEDEX,5406808310